ej.,
dra.,
er.,
fun.,
esq.,
act.,
JEFE,
RUMBO,
etc.,
fiq.,
PDF,
ma.,
of.,
RIVER,
min.,
OMS,
DNI,
di.,
UEFA,
PC,
uba.,
tca.,
AP,
AFP,
fau.,
ucv.,
mgt.,
utn.,
edu.,
fax.,
cno.,
vs.,
uu.,
ip.,
cpn.,
idh.,
sur.,
pub.,
adm.,
une.,
reg.,
DT,
bs.,
fs.,
inv.,
unc.,
mn.,
av.,
mag.,
EFE,
USB,
ii.,
xx.,
cyt.,
iii.,
bib.,
unl.,
net.,
ob.,
aun.,
dir.,
ult.,
cap.,
hs.,
lic.,
km.,
up.,
arq.,
rv.,
nat.,
SPAM,
sra.,
cea.,
cod.,
ssr.,
ort.,
fch.,
ftp.,
gil.,
cv.,
cau.,
nro.,
VIH,
vet.,
art.,
hrs.,
ext.,
pp.,
dni.,
ten.,
med.,
in.,
cs.,
ord.,
inc.,
hci.,
is.,
HIV,
ucu.,
nap.,
As.,
cr.,
sp.,
bd.,
fed.,
nac.,
ala.,
xix.,
drs.,
sr.,
st.,
iis.,
oea.,
an.,
cit.,
ave.,
ing.,
res.,
gpl.,
dto.,
aa.,
liq.,
mg.,
AFA,
oro.,
est.,
dis.,
cfr.,
doc.,
ANSA,
hig.,
kg.,
ET,
bis.,
dep.,
sc.,
rsi.,
fam.,
ed.,
grs.,
us.,
op.,
agr.,
UBA,
INDEC,
dr.,
iso.,
sem.,
BANDO,
ros.,
seg.,
tic.,
lib.,
unr.,
tel.,
pta.,
via.,
red.,
pto.,
as.,
AIRES,
pdf.,
DPA,
NASA,
qn.,
plc.,
int.,
ud.,
pc.,
tec.,
mef.,
dip.,
org.,
ind.,
com.,
rev.,
RIO,
MIL,
sis.,
tos.,
cm.,
pol.,
IDESA,
vas.,
hc.,
hh.,
sec.,
arg.,
cd.,
mes.,
unt.,
noa.,
xxi.,
set.,
CIA,
yet.,
lab.,
rep.,
feb.,
you.,
fe.,
rel.,
xml.,
fac.,
ps.,
unq.,
crg.,
web.,
paz.,
CBN,
mal.,
ley.,
ar.,
dic.,
ms.,
esp.,
phd.,
ata.,
FOTO,
MS,
