Área,
Área,
Área Ético,
Área,
Área,
Área,
Área,
Área,
Área,
Área,
Área,
Área,
Área,
Área Ético,
Área,
Área,
Área Ético,
Área,
Área,
Área Ético,
Área,
Área,
Área Ético,
Área,
Una,
Maratón,
Colecta Externa,
Sangre,
Pero,
Un,
Porque,
Programa Banco,
Sangre,
Ministerio,
Salud Pública,
Así,
María Inés Figueroa,
Ni,
Jesús,
Praga,
Figueroa,
Como,
Salud Pública,
Una,
Banco,
Sangre,
Hospital,
Ni,
Que,
Área,
Íos,
Ón,
Ública,
Ón,
Ónica,
Ón,
Ública,
Ío,
Ón,
Érica,
Ón,
Ón,
Ítica,
Íos,
Íos,
Santiago,
Estero,
El,
Eva Perón,
Lo,
Justicia,
Santiago,
Estero,
La,
Eva Perón,
Santigo,
Estero,
Según,
Reinaldo Campos,
Dy,
Campos,
Hospital,
Ministerio,
Salud,
Jorge Salomón,
Quimilí,
Ón,
Ón,
Arafat,
Agregar,
Pide,
Ashraf,
Kurdi,
Haaretz,
Yasser Arafat,
Al Kurdi,
Al Yazira,
Arafat,
Al Kurdi,
Arafat,
Gobierno,
Arafat,
Suha,
París,
Arafat,
Gobierno,
Desde,
Israel,
Preolímpico,
Puerto Rico,
Las Vegas,
Pablo Prigioni,
Antonio Porta,
Escoltas,
Carlos Delfino,
Paolo Quinteros,
Aleros,
Federico Kammerichs,
Matías Sandes,
Ala,
Luis Scola,
Leonardo Gutiérrez,
Diego Lo Grippo,
Pivots,
Román González,
Martín Leiva,
Juan Gutiérrez,
Sergio Hernández,
Asistentes,
Gonzalo García,
Guillermo Narvarte,
Preparador,
Manuel Alvarez,
La Selección,
Puerto Rico,
Copa,
Tuto Marchand,
Luego,
Las Vegas,
Preolímpico,
Ese,
Juegos,
Beijing,
Puerto Rico,
El,
Brasil,
Selección,
Canadá,
Leonardo Gutiérrez,
Leo,
Las Vegas,
Uruguay,
Diego Grippo,
Matías Sandes,
Puerto Rico,
Ya,
Comenzó,
Estará,
Preolímpico,
Sergio Hernández,
Nos,
Las Vegas,
Vamos,
Brasil,
Luis Scola,
Dijo,
Es,
Sergio,
Carlos Delfino,
Daremos,
Área,
Área,
Ímica,
Óptica,
Ímica,
Ímica,
Ía,
Ía,
Ía,
Égimen,
Ías,
Ácticos,
Ías,
Óricas,
Ón,
Ímica,
Ímica,
Ía,
Ía,
Ía,
Égimen,
Ías,
Ácticos,
Ías,
Óricas,
Ón,
Ímica,
Ímica,
Ía,
Ía,
Ía,
Égimen,
Ías,
Ácticos,
Ías,
Óricas,
Ón,
Ón,
Ía,
Ón,
El Windows Vista,
Agregar,
Mircrosoft,
Su,
Bill Gates,
Uno,
NeuquénAgregar,
Capital Federal,
Estaban,
Caviahue,
Caviahue,
Capital Federal,
Caviahue,
Gendarmería Nacional,
Municipalidad,
Córdoba,
Martín Tapia,
Policía,
La Hoya,
Chubut,
Policía,
Brasil,
Juegos Panamericanos,
Río,
Brasil,
Iglesia Católica Cáritas,
Los,
Rafael Capote,
Cáritas,
San Pablo,
La,
Lázaro Lamelas,
Sao Caetano,
San Pablo,
Cuba,
Sufriríamos,
El,
San Caetano,
Washington Nunes,
Capote,
Guillermo Rigondeaux,
Erislandy Lara,
Cuba,
Ambos,
Policía,
Alemania,
Folha,
Sao Paulo,
Fidel Castro,
Raúl,
Castro,
Mundial,
Chicago,
Juegos Olímpicos Beijing,
Imagínense,
Fidel,
Álbum,
Madrid,
Riquelme,
Villarreal,
Riquelme,
Villarreal,
Atlético Madrid,
El Atlético,
Madrid,
Juan Román Riqulme,
Villarreal,
Riquelme,
No,
Atlético,
Riquelme,
Boca,
As,
Vojvodina,
Copa,
Atlético,
Villarreal,
Si,
Javier Aguirre,
Román,
Villarreal,
Me,
Manuel Pellegrini,
Sólo,
Sin,
Submarino Amarillo,
Ón,
Ámites,
Ón,
Ón,
Ámites,
Ón,
Ón,
Ón,
Ón,
Ón,
Ón,
Chagas,
El Ministerio,
Salud,
La,
Programa,
Chagas,
Ciudad,
Buenos Aires,
Hospital Argerich,
Alvarez,
Durand,
Fernandez,
Ferrer,
Mu,
Penna,
Pi,
Pirovano,
Ramos Mejía,
Rivadavia,
Rocca,
Santa Lucía,
Santojani,
Tornú,
Udaondo,
Vélez Sarfield,
Zubizarreta,
Chagas,
Argentina,
En,
Ciudad,
Buenos Aires,
Chagas,
Ética,
Área,
Área,
Ón,
Ón,
Émica,
Ífica,
Ón,
Émico,
Útiles,
Área,
Ón,
Ón,
Émica,
Ífica,
Ón,
Émico,
Útiles,
Útiles,
Útiles,
Ácaros,
Ímulo,
Karl Rove,
Bush,
Karl Rove,
Estados Unidos,
George,
Bush,
George,
Bush,
Karl Rove,
Creo,
Rove,
Wall Street Journal,
Siempre,
La Casa Blanca,
Bush,
Obviamente,
Casa Blanca Robert Saliterman,
Es,
Rove,
Casa Blanca,
Bush,
Irak,
Un,
Bush,
Estados Unidos,
Jimmy Carter,
Rove,
Bush,
Texas,
Pero,
Joseph Wilson,
Valerie Plame,
Níger,
Sadam Husein,
África Central,
George,
Bush,
Bush,
Irak,
En,
Wilson,
Bush,
Agencia Central,
Inteligencia,
Estados Unidos,
Wilson,
Plame,
Casa Blanca,
Rove,
Dick Cheney,
John Bates,
Casa Blanca,
Cheney,
Lewis,
Scooter,
Libby,
Bush,
Rove,
Congreso,
Estados Unidos,
Irak,
Entre,
Rove,
Grupo,
Irak,
Casa Blanca,
Sadam Husein,
Casa Blanca,
Bush,
Bush,
Partido Republicano,
Pese,
Rove,
Partido Republicano,
Sobre,
Hillary Rodham Clinton,
Édicas,
Ón,
Agregar,
Afganistán,
Cruz Roja,
Ghazni,
Yonhap,
Al Jazira,
La Cruz Roja,
Afganistán,
Cruz Roja,
Ghazni,
Los,
Qari Yusef Ahmadi,
Andar,
Ghazni,
Haji Zahir,
Los,
Télam,
Mariano AcostaAgregar,
Balvanera,
Anunciaron,
Jefatura,
Gobierno,
Educación,
Cortan,
Urquiza,
Acosta,
En,
Urquiza,
Moreno,
Asamblea Permanente,
En,
Urquiza,
Belgrano,
Entre Ríos,
Congreso,
Más,
Avenida,
Mayo,
Jefatura,
Gobierno,
Además,
Secretaría,
Educacón,
Paseo Colón,
Mientras,
Urquiza,
Moreno,
Alsina,
Ana María Clément,
Télam,
Procuración,
Bricons,
Estimo,
Felipe Vega Terra,
Centro,
Estudiantes,
Ópolis,
Órganos,
Ópolis,
Órganos,
Órganos,
Órganos,
Rousseau,
Alan Schlenker,
River,
Los Borrachos,
Tablón,
Adrián Rousseau,
Veintitrés,
José María Campagnoli,
Policía,
Martín Gonzalo Acro,
Pero,
Acro,
Schlenker,
Alan,
William,
El,
Alan Schlenker,
Clarín,
Buenos Aires,
Durante,
Tal,
Schlenker,
Acro,
River,
Batalla,
Quinchos,
Monumental,
Policía Federal,
Adrián Rousseau,
Capital Federal,
Desde,
Schlenker,
Gonzalo Acro,
Campagnoli,
Rousseau,
El,
River,
Así,
Campagnoli,
Osvaldo Matera,
Villa Urquiza,
River,
La Batalla,
Quinchos,
El Playón,
Acro,
Schlenker,
Justicia,
Acro,
Se,
River,
River,
Apertura,
José María Aguilar,
Suiza,
Todo,
Los Borrachos,
Tablón,
Área,
Área,
Área Ético,
Área,
Área,
Área,
Área,
Área,
Área Ético,
Área,
Área,
Área,
Área,
Área Ético,
Área,
Área,
Área Ético,
Área,
Área,
Área,
Área,
Área Ético,
Área,
Área Ético,
Área,
Área,
Área,
Área,
Área Ético,
Área,
Área,
Área Ético,
Área,
Área,
Área Ético,
Área,
Área,
Área Ético,
Área,
És,
Érica,
Ón,
Ón,
Ímica,
Organización,
Ban Ki,
Moon,
Estados Unidos,
Israel,
Paz,
Naciones Unidas,
Estados Unidos,
Israel,
Organización,
Naciones Unidas,
Ban Ki,
Moon,
Esto,
Israel,
Estados Unidos,
Paz,
No,
Xinhua,
Gsy,
Télam,
Ómicas,
Ía,
Ón,
Ía,
Ón,
Ón,
Ía,
Ódulo,
Ón,
Ón,
Áreas,
Gobierno,
El,
Salud,
Ginés González García,
Gobierno,
Además,
De,
Defensa,
Usuarios,
González García,
Última,
Ía,
Última,
Ómica,
Ón,
Últimas,
Ómicas,
Ón,
Úmero,
Ón,
Ón,
Ísticas,
Ón,
Úblico,
Ón,
Ón,
Ón,
Ámites,
Ómicaslas,
Última,
Última,
Ía,
Ón,
Ísica,
Ógicas,
Ógicas,
Éc,
Ías,
Ática,
Ática,
Última,
Émico,
Área,
Área,
Área,
Área,
En,
Ahora,
Universidad,
Cell,
El,
La,
Además,
Por,
Según,
Los Pumas,
Agregar,
Los Pumas,
Inglaterra,
Europa,
Copa,
Mundo,
Francia,
Espa,
Iberia,
De,
Inglaterra,
Gales,
Cardiff,
Marcelo Loffreda,
Bruselas,
Bélgica,
Los Pumas,
París,
Saint Denis,
Mundial,
Francia,
Georgia,
Namibia,
Irlanda,
Parque,
Príncipes,
París,
Horacio Agulla,
Patricio Albacete,
Rimas Alvarez,
Marcos Ayerza,
Lucas Borges,
Felipe Contepomi,
Manuel Contepomi,
Ignacio Corleto,
Martín Durand,
Ignacio Fernáández Lobbe,
Juan Fernández Lobbe,
Nicolás Fernández Miranda,
Martín Gaitán,
Santiago Gonzalez Bonorino,
Omar Hasan,
Juan Martín Hernández,
Mario Ledesma,
Juan Manuel Leguizamón,
Gonzalo Longo,
Esteban Lozada,
José Nu,
Piossek,
Lucas Ostiglia,
Agustín Pichot,
Rodrigo Roncero,
Martín Scelzo,
Martín Schusterman,
Federico Serra,
Gonzalo Pedro Tiesi,
Federico Todeschini,
Alberto Vernet Basualdo,
Última,
Ón,
Ía,
Ón,
Ía,
Última,
Ón,
Ón,
Ón,
Ón,
Ón,
Ífico,
Ón,
Ón,
Área,
Ón,
Ón,
Ón,
Ón,
Ón,
Ón,
Ón,
Ón,
Ón,
Ón,
Ón,
Ón,
Ón,
Ón,
Ón,
Ón,
Ón,
Ón,
Ón,
Ón,
Ón,
Ón,
Ón,
Ómicas,
Ísicfacultad,
Ómicasfacultad,
Ídicas,
Édicasfacultad,
Áticafacultad,
Íafacultad,
Íafacultad,
Ón,
Ómicas,
Ísicfacultad,
Ómicasfacultad,
Ídicas,
Édicasfacultad,
Áticafacultad,
Íafacultad,
Íafacultad,
Ón,
Ónica,
Ón,
Área,
Área,
Ágina,
Ía,
Ón,
Úblico,
Úblico,
Ón,
Ón,
Úblico,
Úblico,
Ón,
Ón,
Úblico,
Úblico,
Ón,
Ón,
Ón,
Ón,
Ón,
Ón,
Ón,
Ío,
Én,
Ón,
Ón,
Ática,
Ón,
Ón,
Ón,
Ín,
Ín,
Ógico,
Ático,
Ón,
Ía,
Ía,
Ón,
Ón,
Ón,
Ón,
Ón,
Ón,
Ón,
Ón,
És,
Ón,
Ática,
Úblicas,
Ía,
Ática,
Ón,
Úblico,
Úblico,
Ón,
Ón,
Úblico,
Úblico,
Ón,
Ón,
Úblico,
Úblico,
Ón,
Ón,
Úblico,
Úblico,
Ón,
Ón,
Úblico,
Úblico,
Ón,
Ón,
Úblico,
Úblico,
Ón,
Ón,
Úblico,
Úblico,
Ón,
Ángel,
Ética,
Ángel Álvarez,
Ángel Álvarez,
Área,
Ágave,
Ágave,
Ágave,
Ángel,
Ángel,
Éstos,
Éste,
Éngame,
Época,
Área,
Área,
Área,
Área,
Última,
Área,
Ángel Álvarez,
Ógicos,
Ángela,
Castro,
Habituada,
Cuba,
Video,
Cuba,
Los,
Cuba,
Fidel Castro,
Memorias,
Revolución,
Castro,
Raúl Castro,
Fidel,
Castro,
Está,
Reflexiones,
Comandante,
Jefe,
Estados Unidos,
No,
Fidel,
Cuba,
Una,
Soy,
Cuba,
Raúl,
Fernando Garzón,
Vladimiro Roca,
La,
Martha Beatriz Roque,
Janette Habel,
Instituto,
Altos Estudios,
América Latina,
Fidel,
Raúl,
Defensa,
Raúl,
Washington,
Sin,
Fidel,
Estados Unidos,
Castro,
Manuel Cuesta,
Castro,
Fidel,
Castro,
Fidel,
Venezuela,
Bolivia,
Nicaragua,
Hugo Chávez,
Evo Morales,
Daniel Ortega,
Gabriel García,
Ámbito,
Álbum,
Áulicas,
Órica,
Ítica,
Áulicas,
Áulicas,
Áulicas,
Área,
Área,
Área,
Índices,
Ítica,
Ía,
Área,
Áticas,
Ística,
Área,
Índices,
Ás,
Índices,
Ás,
Índices,
Ás,
Índices,
Índices,
Ítica,
Ía,
Área,
Áticas,
Ística,
Índices,
Ás,
Índices,
Índices,
Ítica,
Ía,
Área,
Áticas,
Ística,
Área,
Índices,
Ás,
Índices,
Índices,
Ítica,
Ía,
Área,
Áticas,
Ística,
Área,
Ás,
Índices,
Ás,
Índices,
Ácaros,
Endeavour,
Agosto,
La,
Endeavour,
Barbara Morgan,
Intentan,
Se,
Columbia,
El,
Nos,
Columbia,
John Shannon,
Hemos,
Top,
Tapiales,
Guillermo Ca,
Mikhail Youzhny,
Juan Ignacio Chela,
David Nalbandian,
Montreal,
Juan Mónaco,
Agustín Calleri,
José Acasuso,
Sopot,
Gastón Gaudio,
Roger Federer,
Montreal,
Novak Djokovic,
Rafael Nadal,
Área,
Última,
Ías,
Área,
Área,
Úmero,
Ángela,
Úmero,
Indonesia,
Saglah,
Saglah,
ImprimirEnviar,
Disminuye,
Aumenta,
Una,
Bali,
Ya,
Indonesia,
Luh Putu Sri Windiani,
Saglah,
Bali,
Servicio,
Información,
Según,
Ministerio,
Sanidad,
Según Joko,
Centro,
Información,
Yakarta,
Además,
Bali,
La,
Organización Mundial,
Área,
Área,
Ón,
Ática,
Ón,
Ía,
Ón,
Ía,
Ón,
Áreamario,
Área,
Ápidos,
Ápidos,
Ápidos,
Ápidos,
Ápidos,
Ápidos,
Área,
Última,
Áreas,
Áreas,
Área,
Ía,
Ía,
Área,
Área,
Área,
Ón,
Ón,
Ógicos,
Ímicos,
Ón,
Ógicos,
Écnicas,
Ón,
Íosbrizuela,
Ón,
Ógica,
Ón,
Ón,
Ón,
Ón,
Ón,
Ón,
Énero,
Éspedes,
Áreinoso,
Ónica,
Ífita,
Ógenos,
Óstico,
Ío,
Áboschetti,
Ón,
Ídeas,
Íos,
Écnicas,
Ícolas,
Íodo,
Ía,
Ón,
Ón,
Ón,
Íos,
Áneas,
Ón,
Éndose,
Ón,
Íos,
Ón,
Íticas,
Íos,
Ótico,
Ácticas,
Íodo,
Ítica,
Ón,
Ío,
Ítica,
Ía,
Álisis,
Íficas,
Ía,
Ón,
Émica,
Ía,
Édito,
Ón,
Ón,
Íodo,
Ía,
Ía,
Ía,
Íaiglesias,
Ónde,
Ágenolet,
Ámoreno,
Ítico,
Ómica,
Ón,
Ública,
Áneabadano,
Ón,
Íticas,
Énero,
Ón,
Ítica,
Ón,
Ón,
Óstico,
Édicos,
Ática,
Ía,
Ácticas,
Ón,
Ón,
Ógicofavant,
Écnicas,
Ógicasguerenstein,
Ón,
Ón,
Ón,
Área,
Íos,
Ón,
Áximas,
Íos,
Étricos,
Ón,
Ía,
Ía,
Ón,
Ídicas,
Ómicas,
Ón,
Ón,
Ública,
Ítricos,
Ía,
Áscara,
Ímicas,
Ínico,
Ón,
Ón,
Ón,
Ándanos,
Ón,
Íacosvelazque,
Ética,
Ógeno,
Úgoldaracena,
Ón,
Ón,
Óctonas,
Ícolas,
Ára,
Ón,
Émico,
Ón,
Érmino,
Ón,
Íospepe,
Ía,
Ón,
Érica,
Áticos,
Ón,
Ónica,
Ón,
Ón,
Ógicos,
Ímicos,
Ón,
Ógicos,
Écnicas,
Ón,
Íosbrizuela,
Ón,
Ógica,
Ón,
Ón,
Ón,
Ón,
Ón,
Ón,
Énero,
Éspedes,
Áreinoso,
Ónica,
Ífita,
Ógenos,
Óstico,
Ío,
Áboschetti,
Ón,
Ídeas,
Íos,
Écnicas,
Ícolas,
Íodo,
Ía,
Ón,
Ón,
Ón,
Íos,
Áneas,
Ón,
Éndose,
Ón,
Íos,
Ón,
Íticas,
Íos,
Ótico,
Ácticas,
Íodo,
Ítica,
Ón,
Ío,
Ítica,
Ía,
Álisis,
Íficas,
Ía,
Ón,
Émica,
Ía,
Édito,
Ón,
Ón,
Íodo,
Ía,
Ía,
Ía,
Íaiglesias,
Ónde,
Ágenolet,
Ámoreno,
Ítico,
Ómica,
Ón,
Ública,
Áneabadano,
Ón,
Íticas,
Énero,
Ón,
Ítica,
Ón,
Ón,
Óstico,
Édicos,
Ática,
Ía,
Ácticas,
Ón,
Ón,
Ógicofavant,
Écnicas,
Ógicasguerenstein,
Ón,
Ón,
Ón,
Área,
Íos,
Ón,
Áximas,
Íos,
Étricos,
Ón,
Ía,
Ía,
Ón,
Ídicas,
Ómicas,
Ón,
Ón,
Ública,
Ítricos,
Ía,
Áscara,
Ímicas,
Ínico,
Ón,
Ón,
Ón,
Ándanos,
Ón,
Íacosvelazque,
Ética,
Ógeno,
Úgoldaracena,
Ón,
Ón,
Óctonas,
Ícolas,
Ára,
Ón,
Émico,
Ón,
Érmino,
Ón,
Íospepe,
Ía,
Ón,
Érica,
Áticos,
Ón,
Ónica,
Puerto Madero,
Puerto Madero,
Adidas,
Después,
Punta,
Este,
Córdoba,
ChampionChip,
El,
Leonardo Junior Da Silva,
Entre,
Sandra,
Claudia González,
Martín Sharples,
Ernestina Pais,
Ronnie Arias,
El,
Carla Peterson,
Delfina Frers,
Julieta Lantieri,
Puerto Madero,
La Costanera Sur,
Pero,
Reserva Ecológica,
Avenida Espa,
Flash,
Hombre Ara,
Taiko,
Entre,
Felipe Contepomi,
Griselda Siciliani,
Algo,
Ciudad,
Clara Peuriot Bouché,
Ía,
Ía,
Área,
Áridas,
Área,
Ía,
Von Wernich,
Mona Moncalvillo,
Christian Von Wernich,
Domingo Moncalvillo,
Von Wernich,
Moncalvillo,
Domingo Héctor Moncalvillo,
Brigada,
Investigaciones,
La Plata,
Mona Moncalvillo,
Tribunal Oral Federal,
La Plata,
Von Wernich,
Conadep,
Julio Emmed,
Von Wernich,
Uruguay,
Emmed,
Dios,
Dios,
Von Wernich,
Uruguay,
Von Wernich,
Moncalvillo,
Perfil,
Planeamiento,
Ejército Argentino,
Jorge Alberto Tereso,
Néstor Kirchner,
Escuela Mecánica,
Armada,
Planeamiento,
Ejército,
Escuela Mecánica,
Jorge,
Tigre,
Acosta,
Antonio Pernías,
Rubin Chamorro,
Alfredo Astiz,
Emilio Eduardo Massera,
Gobierno,
Ministerio,
Defensa,
Secretario General,
Ejército,
Tereso,
Justicia,
Fiestas,
Jorge Ballestero,
Íslenska,
Ín,
Ón,
Órica,
Ámenes,
Áculo,
Ía,
Ámaras,
Ón Útil,
Ía,
Écnico,
Écnico,
Íslenska,
Área,
Íslenska,
Ía,
ManchesterAgregar,
Wayne Rooney,
Manchester,
El Apache,
Sir Alex Ferguson,
Wayne Rooney,
Manchester United,
Reading,
Premier League,
Carlos Tevez,
Michael Duberry,
Marca,
Wembley,
Alemania,
Eurocopa,
Israel,
Rusia,
Steve McClaren,
Rooney,
John Terry,
Gary Neville,
Jonathan Woodgate,
Ledley King,
Wayne Bridge,
Aaron Lennon,
Michael Owen,
Alex Ferguson,
Manchester,
Rooney,
Mundial,
Alemania,
Tevez,
West Ham,
Old Traford,
Ítulo,
Áreas,
Íbera,
Érez,
Ón,
Ífico,
Íos,
Ón,
Área,
Ón,
Áreas,
Última,
Última,
Áreaslic,
Última,
Última,
Émico,
Última,
Última,
Última,
Álida,
Ón,
Ón,
Ómina,
Álida,
Ía,
Ón,
Ómina,
Última,
Última,
Última,
Íbera,
Érez,
Ón,
Última,
Ífico,
Íos,
Ón,
Última,
Última,
Ón,
Áctico,
Ódulo,
Última,
Última,
Última,
Última,
Última,
Última,
Ítulo,
Áreas,
Íbera,
Érez,
Ón,
Ífico,
Íos,
Ón,
Área,
Ón,
Última,
Última,
Ón,
Ón,
Ón,
Ón,
Ón,
Ón,
Ón,
Ón,
Ón,
Ón,
Ón,
Ón,
Ón,
És,
Ón,
Ón,
Ón,
Ón,
Ón,
Ón,
Ón,
Ón,
Ón,
Ública,
Ública,
Ón,
Árate,
Última,
Ísticos,
Ática,
Ón,
Ón,
Ón,
Área,
Ón,
Ítulo,
Ítulo,
Ámite,
Ía,
Ón,
Ón,
Ón,
Área,
Ón,
Ómicas,
Ón,
Última,
Áreas,
Última,
Última,
Última,
Última,
Últimas,
Áreas,
Ón,
Dos,
También,
Instituto,
Desarrollo Social,
De,
Los,
Osvaldo Giordano,
El,
Agregó,
Entre,
Advirtió,
Gobierno,
Es,
Gobierno,
Agregó,
Nación,
En Julio,
Internet,
Phishing,
Anexo,
Symantec,
Julio,
Reporte,
Spam,
Symantec,
Julio,
Internet,
Adicionalmente,
Atribuimos,
Doug Bowers,
Director Senior,
Ingeniería,
Symantec,
Symantec,
Google,
Los,
Excel,
Zip,
La,
Por,
Excel,
Word,
Bowers,
El,
Symantec,
Julio,
El,
Reporte Mensual,
Spam,
Symantec Agosto,
Es,
Si,
Ón,
Ía,
Ólogo,
Ón,
Ública,
Émicas,
Ón,
Ón,
Áreas,
Án,
Ácticos,
Ón,
Ón,
Án,
Ón,
Án,
Én,
Átedras,
Ón,
Ímica,
Ímica,
Ón,
Ía,
Ón,
Ía,
Íaca,
Ón,
Ía,
Ón,
Ía,
Ógica,
Ón,
Ón,
Ía,
Ía,
Ón,
Ía,
Ón,
Ítica,
Ón,
Ón,
Ón,
Ón,
Ón,
Ía,
Ón,
Ía,
Ía,
Édica,
Ía,
Ía,
Ía,
Ética,
Ética,
Ón,
Íticas,
Ón,
Ón,
Ón,
