www.facebook.com/derechoshumanos.unlp,
http://www.imdb.com/title/tt0200071/,
www.quequen.unicen.edu.y,
http://www.mdp.edu.ar/uabierta/seminario_educacion/seminario_taller.html,
http://www.crct.polymtl.ca/fact/websiter.htm,
www.accesoabierto.net,
http://www.mdp.edu.ar/index.php?key=5768,
http://www.wdl.org/es/,
www.santanderio.com.ar,
http://osum.sun.com/group/unnoba,
www.me.gov.ar/pnbu,
http://extension.unicen.edu.ar/blog/,
www.exa.unicen.edu.ar,
www.facebook.com/untrefsonoro,
www.ucel.edu.ar/seccion.php,
www.luisgarciafanlo.blogspot.com,
http://www.fceco.uner.edu.ar/,
http://www.dynamicdrive.com//this,
http://www.exactas.unlp.edu.ar/posgrado/epm,
www.anses.gov.ar,
http://www.fcad.uner.edu.ar/,
http://www.lanacion.com.ar/nota.asp?nota_id=1304785,
www.enci09.idnotyreg.jursoc.unlp.edu.ar,
http://juanfilloy.bib.unrc.edu.ar/,
http://www.9coloquio.face.unt.edu.ar/,
www.martinesteban.com.ar,
http://www.scielo.org.ar/scielo.php?script=sci_arttext,
http://www.unlp.edu.ar/articulo/2011/6/14/4o_jornada_de_reflexion_sobre_ecologia_,
www.me.gov.ar/spu/ppua,
www.tjobs.com.ar,
http://www.pagina12.com.ar/diario/sociedad/3-185785-2012-01-19.html,
www.redvitec.edu.ar,
http://www.qui10192.unlu.edu.ar/,
http://www.htmldynamico.cjb.net,
www.unsj.edu.ar,
www.moodle.org,
www.hotelpiedramora.com.ar,
www.mdp.edu.ar,
http://users.exa.unicen.edu.ar/,
http://www.dynamicdrive.com/,
http://www.jursoc.unlp.edu.ar/plugins/content/mavikthumbnails/mavikthumbnails/highslide/graphics/,
www.ingreso.unlp.edu.ar,
http://www.fca.uner.edu.ar,
www.fbioyf.unr.edu.ar,
www.unr.edu.ar,
http://www.boletinoficial.gov.ar/content/xml/avisos/01/2012/01/31/4302871.xml...ampliar,
http://www.uncoma.edu.ar/ingresantes/index.htm,
http://www.exa.unrc.edu.ar/,
www.desarrollosocial.gob.ar/concursostda,
https://sisinfo.unrc.edu.ar/index.php?n_msj=115,
www.postgradofcm.edu.ar,
http://redunci.info.unlp.edu.ar,
http://www.imdb.com/title/tt1426371/,
http://www.fcad.uner.edu.ar,
www.fm.unt.edu.ar,
http://csi.gstatic.com/csi,
http://www.bioingenieria.edu.ar,
http://redunci.info.unlp.edu.ar/espanol/index.php,
www.unlp.edu.ar/cambioclimatico2011,
www.softshell.com/free/mmcalc/mmcalc.html,
www.uncoma.edu.ar,
http://revistacyt.unne.edu.ar/noticia_bio7.php,
http://www.fb.uner.edu.ar,
http://tv.unq.edu.ar,
www.exa.unicen.edu.ar/es/a_institucional/secretarias/academica/concursos/0910.html,
http://www.youtube.com/v/256abvofl1g,
www.hotelcolonjunin.com.ar,
http://www.editorial.unlp.edu.ar/tesis.html,
www.lotus.com,
www.lagunahotel-junin.com.ar,
http://www.editorial.unlp.edu.ar/informatica.html,
http://ibone.unne.edu.ar,
www.filo.unt.edu.ar,
http://entornovirtual.unl.edu.ar,
www.extension.unicen.edu.ar,
www.iipe-buenosaires.org.ar,
http://celadel.blogspot.com/,
www.hotelembajadorjunin.com.ar,
http://postgrado.info.unlp.edu.ar/,
http://www.fac.org.ar/fiuner,
www.eldescanso-hotel.com.ar,
http://dcm.unr.edu.ar,
http://www.fcs.uner.edu.ar,
http://www.sidalc.integra,
http://www.dcs.gla.ac.uk/keith/preface.html,
http://www.leedor.com/nota.php?idnota=3600,
www.cerritohoteldecampo.com.ar,
www.unicen.edu.ar,
www.centralhotel.com.ar,
www.emprendedorxxi.com.ar,
www.digesto.unc.edu.ar,
http://koha.unsam.edu.ar/.,
www.santiagodelestero.gov.ar,
http://weblidi.info.unlp.edu.ar/redpiba/,
http://www.youtube.com/user/comunicacion3ia,
www.facebook.com/radiounse,
www.chemicool.com,
http://www.fceco.uner.edu.ar,
http://www.unlp.edu.ar/especializacion,
http://1jornadascyt.ct.unt.edu.ar/,
http://www.db.dk/pi/iri/,
http://www.imdb.com/title/tt0855761/,
www.ogarcia.unlu.edu.ar,
www.uimunicipalistas.org.es,
http://www.iupac.org,
http://hamers.chem.wisc.edu/chapman/acidbase/,
www.celadel.org,
http://www.eldia.com.ar/especiales/127aniversario/ciudad.htm,
http://creativecommons.org/international/ar/,
http://www.imdb.com/title/tt1149362/,
www.copahuejunin.com.ar,
http://extension.unicen.edu.ar/cultura/,
www.unt.edu.ar/fcsnat/insue,
http://www.youtube.comhttp,
http://www.biol.unlp.edu.ar/edb,
http://www.fcedu.uner.edu.ar,
http://accesoabierto2011.caicyt.gov.ar,
http://www.nacio.unlp.edu.ar,
http://revistacyt.unne.edu.ar/agrarias51.html,
www.exa.unicen.edu.ar/es/b_carreras/z_catedras/a_finales/index.html,
www.agencia.gov.ar,
http://fadeweb.uncoma.edu.en,
www.becasbicentenario.gov.ar,
http://docs.moodle.org/es/documentaci,
http://www.xtec.es/,
www.youtube.com,
http://www.revistaenie.clarin.com/ideas/representaciones-ocultas-exclusion_0_593940630.html,
www.entomologiaforense.unq.edu.ar,
http://www.fts.uner.edu.ar/,
http://www.imdb.com/title/tt0841922/,
http://journal.info.unlp.edu.ar/journal/,
www.ccu.unsj.edu.ar,
www.webpicasso.de,
http://www.kennedy.edu.ar/,
www.orionserver.com/bugzilla/,
www.mozilla.com/firefox/,
http://www.istec.org,
www.ibm.com,
http://www.jornada.unam.mx/2011/03/20/sem-leer.html,
www.bna.com.ar,
www.mincyt.gov.ar,
http://www.gnupg.org,
www.unrc.edu.ar,
www.cabase.org.ar.,
http://www.uca.edu.ar/uca/index.php/home/index/es/universidad/facultades/rosario/cs-economicas,
www.magisterio.uncu.edu.ar,
http://www.imdb.com/title/tt0363060/,
www.derecho.unlz.edu.ar,
www.qgeneral.unlu.edu.ar/wap.htm,
www.hotelastordejunin.com.ar,
www.fcs.uner.edu.ar/termalismo/,
http://www.el-litoral.com.ar/leer_noticia.asp?idnoticia=177916,
http://www.guarani3w.unr.edu.ar/preacar/1.0/medicina.php,
www.certificaciones.unlu.edu.ar,
www.openaccessweek.org,
www.unse.edu.ar,
http://blogs.sun.com/argentina_ambassador,
http://www.24fun.com,
www.psico.unlp.edu.ar/segundocongreso,
www.ffha.unsj.edu.ar,
http://www.imdb.com/title/tt0792966/,
www.elsolhotel-junin.com.ar,
http://historiapolitica.com/cehp/,
www.fcagr.unr.edu.ar,
http://www.unsam.edu.ar/home/isa-vacaclonada-iib-inta-23junio2011-unsam.pdf,
www.radios.uner.edu.arm,
www.redbiblio.unne.edu.ar-,
www.udesa.edu.ar,
www.psico.unlp.edu.ar/tercercongreso,
http://www.istec.org/,
http://www.ing.unrc.edu.ar/poscing/,
www.me.gov.ar/spu,
http://www.fcal.uner.edu.ar,
http://www.biologiafavaloro.blogspot.com/,
http://sailearningconnection.skillport.com/,
http://kimili.com,
www.uncu.edu.ar,
www.swishzone.com,
http://www.perfil.com/ediciones/2012/1/edicion_646/contenidos/noticia_0018.html,
http://www.ugr.es/,
